Precio,Superficie,Antiguedad,VPO,Calefaccion,Habitaciones,Ascensor,Garaje,Precio_m2
36294,52,43.73,0,2,2,0,1,697.9615
37267.97,55,38.32,1,1,3,1,0,677.5995
37267.97,78,38.32,0,1,4,0,1,477.7945
37514.55,64,13.61,1,1,2,1,1,586.1648
37933,50,41.73,1,2,2,0,1,758.66
38530,52,31.7,0,2,3,0,0,740.9615
39000,55,31.64,0,1,1,0,0,709.0909
39065.78,48,34.73,1,1,1,0,1,813.8704
39065.79,56,44.95,0,1,2,1,0,697.6034
39066,63,68.08,0,0,5,0,0,620.0952
39682.44,71,42.96,0,1,3,0,0,558.9076
40000,63,41.36,1,0,4,0,0,634.9206
40600,64,40.69,0,2,2,0,1,634.375
41100,40,29.7,0,2,2,1,0,1027.5
41184.95,60,32.41,1,0,3,0,0,686.4158
41203.92,52,42.28,1,1,4,0,0,792.3831
41840,52,37.68,1,1,2,0,0,804.6154
41866.92,64,35.42,0,1,2,1,1,654.1706
41866.92,64,35.42,0,1,3,1,1,654.1706
41915,50,42.21,1,1,1,0,0,838.3
42021,56,40.44,1,0,1,0,0,750.375
42070.85,115,39.94,1,1,2,1,0,365.8335
42071,62,39.53,1,2,5,0,0,678.5645
42131.57,91,53.21,1,0,3,0,0,462.9843
42704.28,64,35.49,0,0,4,1,0,667.2544
43258,56,34.3,0,1,2,0,0,772.4643
43677.84,56,38.72,1,1,2,0,0,779.9614
44500,65,35.47,1,0,3,0,0,684.6154
45000,69,35.36,0,0,4,0,0,652.1739
45075,68,44.15,1,2,2,0,0,662.8676
45493,50,40.91,1,0,2,0,0,909.86
45500,48,42.34,1,1,3,0,0,947.9167
45631.99,65,39.88,1,1,1,0,0,702.0306
45750,76,27.64,1,1,1,1,0,601.9737
47129.84,71,23.56,1,1,2,1,0,663.8006
47179.5,58,43.52,1,1,5,0,0,813.4397
48080,50,45.08,0,2,3,0,0,961.6
48080.97,58,26.4,0,1,4,1,0,828.9822
48135.72,65,39.36,1,1,2,0,1,740.5495
48135.72,65,39.36,1,1,2,0,0,740.5495
48793.84,79,35.38,1,0,3,1,0,617.6435
48793.84,78,38.38,0,1,4,1,0,625.5621
49583.5,56,42.49,0,0,2,0,0,885.4196
50000,66,40.42,1,1,2,0,0,757.5758
50000,61,33.76,0,0,3,0,0,819.6721
50216.29,56,36.66,0,1,1,1,0,896.7195
50970,68,37.49,1,2,1,1,0,749.5588
51000,75,30.58,1,2,2,1,0,680
51086,68,31.62,1,2,5,1,0,751.2647
51086,68,37.48,0,0,3,1,0,751.2647
51086.03,185,62.57,0,0,4,1,0,276.1407
52000,40,35.06,0,2,2,0,1,1300
52450,70,33.87,0,1,4,0,0,749.2857
52910,75,15.73,1,1,1,1,0,705.4667
53000,61,32.68,0,1,3,0,1,868.8525
53565,50,23.92,0,1,2,1,0,1071.3
54000,52,31.91,0,2,5,0,0,1038.4615
54091.09,40,40.69,0,0,4,0,1,1352.2772
54100,83,42.26,1,1,1,0,1,651.8072
54125,65,68.32,0,2,3,0,1,832.6923
54130,70,34.7,0,1,2,0,0,773.2857
54368,84,47.3,0,1,5,0,0,647.2381
54593.86,63,32.21,0,0,4,1,0,866.5692
55000,64,28.39,1,1,1,1,1,859.375
55248.9,80,15.76,1,1,3,1,0,690.6113
55593.62,48,42.65,1,0,2,0,0,1158.2004
55610.55,60,35.89,0,0,3,1,0,926.8425
56161.81,74,37.28,0,1,2,0,1,758.9434
56495,56,36.53,0,0,2,0,0,1008.8393
56810.32,69,28.98,0,1,4,1,0,823.338
57096,48,39.9,0,1,1,0,0,1189.5
57096,60,40.61,1,0,3,1,0,951.6
57096.15,62,42.35,0,0,5,0,0,920.9056
57644.6,78,4.28,1,1,4,1,1,739.0333
57760,78,37.49,1,1,2,0,0,740.5128
57822.54,76,36.74,0,1,2,0,0,760.8229
58209.5,68,36.1,0,0,3,1,0,856.0221
58731.58,74,31.94,0,1,1,1,1,793.67
59305,68,13.42,0,1,4,1,0,872.1324
59400,84,24.56,0,1,2,1,0,707.1429
59500,40,25.1,0,1,4,1,1,1487.5
59697.03,71,36.88,0,1,1,1,0,840.8032
60000,40,28.02,0,0,3,1,0,1500
60000,48,41.98,0,1,2,0,1,1250
60000,55,38.89,1,0,5,0,0,1090.9091
60000,74,32.76,1,1,4,1,0,810.8108
60000,55,53.98,0,1,1,0,0,1090.9091
60000,59,32.44,1,1,3,1,0,1016.9492
60000,83,45.09,1,1,2,1,0,722.8916
60000,105,26.91,0,1,5,1,1,571.4286
60000,95,44.43,1,1,4,0,0,631.5789
60100,72,32.36,1,0,1,1,1,834.7222
60100,52,33.3,0,2,3,1,0,1155.7692
60101,40,42.69,1,0,2,0,0,1502.525
60101,75,35.65,0,0,3,0,0,801.3467
60101.21,56,39.99,1,1,2,0,1,1073.2359
60101.21,40,41,0,2,2,0,0,1502.5303
60101.21,52,58.01,1,2,4,0,0,1155.7925
60109.01,52,34.74,0,2,1,0,1,1155.9425
61155,70,31.35,0,1,3,1,0,873.6429
61155,70,31.35,0,0,5,1,0,873.6429
61500,66,31.29,0,0,4,0,1,931.8182
62121.45,48,41.95,0,1,2,0,0,1294.1969
63106,69,33.47,0,1,2,0,1,914.5797
63106.27,50,40.99,1,1,2,0,1,1262.1254
63106.27,50,40.75,1,1,4,0,1,1262.1254
64000,62,40.9,0,2,1,0,0,1032.2581
65331.34,68,42.12,1,1,3,0,0,960.755
65360,40,28.35,0,1,2,1,0,1634
65558,72,40.98,0,0,5,1,0,910.5278
65800,64,39.61,1,1,4,0,0,1028.125
66000,58,58.45,0,1,1,0,0,1137.931
66000,82,29.95,0,2,3,0,1,804.878
66000,70,37.09,0,1,2,0,0,942.8571
66000,89,35.87,0,1,5,0,0,741.573
66111.33,60,43.85,1,1,4,0,0,1101.8555
66120.5,73,36.89,0,0,1,1,1,905.7603
67000,63,42.61,0,0,3,0,0,1063.4921
67374.45,82,48.77,0,1,2,0,0,821.6396
67843,82,35.6,0,0,3,0,1,827.3537
68000,125,39.71,0,1,2,1,0,544
68131.57,40,26.63,0,1,2,1,0,1703.2893
68466.87,84,47.32,0,1,4,0,0,815.0818
68816,65,39.91,0,1,1,1,0,1058.7077
69116,52,58.08,1,2,3,0,0,1329.1538
69116.39,70,25.5,0,1,5,1,0,987.377
69116.39,68,31.55,1,2,4,1,0,1016.4175
69150.8,62,27.68,0,1,2,0,0,1115.3355
70017.91,91,45.81,0,1,2,0,1,769.4276
70215.33,105,13.9,0,1,2,1,0,668.7174
70467.36,40,27.67,0,1,4,1,0,1761.684
70496.38,125,30.58,0,1,1,0,0,563.971
70618.92,83,36.65,1,0,3,1,1,850.8304
71563.38,79,32.39,0,1,2,1,0,905.8656
72000,50,41.91,1,1,5,0,0,1440
72000,69,32.02,0,2,4,1,0,1043.4783
72000,50,41.78,1,2,1,0,0,1440
72000,64,42.24,1,0,3,0,1,1125
72000,63,33.19,1,1,2,1,0,1142.8571
72000,74,36.03,0,1,5,1,0,972.973
72088.83,83,41.78,0,1,4,0,0,868.5401
72120,61,21.58,0,1,1,1,0,1182.2951
72121,40,11.77,0,1,3,1,0,1803.025
72121.45,64,39.67,1,1,2,0,1,1126.8977
72121.45,69,37.85,1,0,3,0,0,1045.2384
72121.45,50,41.1,1,0,2,0,1,1442.429
72121.45,48,61.67,0,0,2,0,1,1502.5302
72121.45,62,38.95,1,2,4,0,0,1163.2492
72121.46,91,41.82,1,1,1,0,0,792.5435
72123,60,40.46,1,0,3,0,0,1202.05
72125,64,27.45,1,1,5,1,0,1126.9531
72150.65,185,46.18,0,1,4,0,0,390.0035
72329.01,76,36.45,0,0,2,1,0,951.6975
73131.58,76,27.57,0,1,2,1,0,962.2576
73235,125,5.08,1,1,2,1,0,585.88
73398,66,22.98,0,1,2,1,1,1112.0909
73500,75,26.39,0,1,4,1,0,980
73623.98,78,53.02,1,2,1,0,1,943.8972
73852,84,47.88,0,0,3,0,0,879.1905
74000,82,28.59,0,1,2,1,1,902.439
74197.5,55,47.21,0,1,5,1,0,1349.0455
74525.5,70,33.99,0,2,4,0,0,1064.65
74525.5,82,35.87,0,0,1,0,1,908.8476
74553.77,80,32.74,0,1,3,1,1,931.9221
75000,52,44.3,0,2,2,0,0,1442.3077
75126.5,76,36.34,1,0,5,1,0,988.5066
75126.51,72,36.01,1,0,4,0,0,1043.4237
75126.51,48,41.5,0,0,1,0,1,1565.1356
75126.52,86,21.84,1,1,3,0,0,873.5642
76329,48,41.94,1,0,2,0,0,1590.1875
76484,52,52.64,0,1,3,0,0,1470.8462
77732.76,80,27.39,1,1,2,1,0,971.6595
78000,66,33.39,1,1,2,1,1,1181.8182
78100,61,35.67,0,1,4,0,0,1280.3279
78131.57,76,34.63,0,0,1,1,0,1028.047
78131.57,65,39.61,1,0,3,1,0,1202.0242
78131.57,62,40.48,1,0,5,1,0,1260.1866
78131.57,60,39.46,0,2,4,0,0,1302.1928
78131.58,60,48.03,0,2,2,0,1,1302.193
78132,55,41.59,1,1,2,0,0,1420.5818
78132,55,37.28,0,2,4,1,0,1420.5818
78132,74,34.74,0,1,3,1,0,1055.8378
78214.32,79,28.49,1,1,1,1,1,990.0547
78214.32,79,28.72,1,1,2,1,0,990.0547
78733,40,34.22,0,0,5,1,0,1968.325
79734.61,63,43.59,0,0,2,0,0,1265.6287
79950,71,34.78,0,1,2,1,1,1126.0563
80000,61,41.05,0,1,1,1,1,1311.4754
80000,84,47.76,0,1,3,0,0,952.381
80902.62,79,30.28,0,1,4,1,0,1024.0838
81135,66,34.74,0,0,2,0,0,1229.3182
81136,55,38.43,1,1,3,1,0,1475.2
81136,65,32.18,0,0,2,0,1,1248.2462
81136.63,95,31.47,0,2,4,0,0,854.0698
81136.63,63,43.49,0,0,3,0,0,1287.883
81136.63,79,52.44,0,0,1,0,0,1027.0459
82170.14,125,10.86,1,1,2,0,0,657.3611
82356,56,37.89,1,1,5,1,1,1470.6429
82639.17,66,4.88,0,1,2,0,0,1252.1086
82831.24,125,10.67,0,1,2,1,0,662.6499
83818,135,10.4,0,1,1,1,1,620.8741
84000,48,23.21,0,1,3,1,0,1750
84000,56,37.08,0,1,4,0,1,1500
84000,66,43.21,1,1,2,1,1,1272.7273
84000,66,41.82,1,1,3,0,1,1272.7273
84000,78,39.65,0,1,2,0,1,1076.9231
84141,65,39.93,1,1,4,1,0,1294.4769
84141,50,41.88,1,2,3,1,0,1682.82
84141,84,42.05,0,1,1,1,0,1001.6786
84141.69,55,37.87,1,1,2,0,0,1529.8489
84141.69,55,32.21,0,1,5,1,0,1529.8489
84141.69,74,39.03,1,0,2,0,0,1137.0499
84141.69,52,40.59,1,1,2,0,0,1618.1094
84142,56,33.34,0,2,1,0,0,1502.5357
84142,56,67.57,1,2,3,0,0,1502.5357
84142,60,29.55,0,2,4,0,0,1402.3667
84142,52,39.68,1,0,2,1,0,1618.1154
84142,68,68.23,0,0,3,0,0,1237.3824
84150,40,69.82,0,0,2,0,1,2103.75
84200,65,66.46,0,2,4,0,0,1295.3846
84488,125,10.78,0,1,3,0,0,675.904
84742,52,42.99,0,0,1,0,0,1629.6538
85257,73,23.8,1,1,2,0,0,1167.9041
85435,84,34.87,0,0,5,0,1,1017.0833
85490.88,82,31.6,0,2,2,1,1,1042.5717
85644.22,40,67.32,0,0,2,0,0,2141.1055
86123.23,56,36.71,1,1,1,0,1,1537.9148
86535.89,135,7.38,1,1,3,1,1,641.0066
86872.89,73,31.66,1,2,4,1,1,1190.0396
87146,50,42.3,1,1,2,0,0,1742.92
87146,58,54.52,1,1,3,1,0,1502.5172
87146,56,33.1,1,2,2,0,0,1556.1786
87146,80,33.99,0,0,4,1,0,1089.325
87146.76,70,39.91,1,1,3,0,0,1244.9537
87146.76,70,32.39,1,2,1,1,0,1244.9537
87146.76,40,41.86,1,2,2,0,0,2178.669
87146.76,68,9.65,1,1,5,0,0,1281.57
87147,48,43.03,1,2,2,0,1,1815.5625
87147,40,42.3,0,0,2,1,0,2178.675
87237,55,39.8,1,2,1,0,0,1586.1273
87520.16,76,25.06,1,1,3,1,0,1151.5811
87606.84,105,27.05,0,1,4,0,0,834.3509
88349,69,32.68,1,1,2,0,0,1280.4203
88474.45,105,17.36,1,1,3,1,1,842.6138
90000,55,23.69,0,1,2,1,0,1636.3636
90000,56,40.57,0,1,4,0,1,1607.1429
90000,56,40.63,0,1,3,0,1,1607.1429
90000,70,33.45,0,2,1,0,0,1285.7143
90000,50,41.92,1,2,2,1,0,1800
90000,79,38.76,0,0,5,0,0,1139.2405
90000,89,67.52,0,0,2,1,0,1011.236
90000,84,29.33,1,1,2,0,0,1071.4286
90000,66,52.25,0,2,1,1,0,1363.6364
90000,65,54.02,0,2,3,0,0,1384.6154
90000,79,29.51,1,1,4,1,1,1139.2405
90000,80,29.95,1,1,2,0,0,1125
90151,82,33.94,0,0,3,0,0,1099.4024
90151.81,72,37.47,1,0,2,1,1,1252.1085
90151.81,82,27.97,1,1,4,0,1,1099.4123
90151.82,55,8.86,0,1,3,1,0,1639.124
90151.82,55,38.87,1,0,1,0,0,1639.124
90151.82,62,23.68,1,1,2,0,0,1454.0616
90151.82,89,31.76,0,0,5,1,1,1012.9418
90151.82,65,37.88,0,0,2,1,0,1386.9511
90151.82,64,37.95,1,0,2,0,1,1408.6222
90151.82,65,41.86,1,0,1,0,0,1386.9511
90151.82,78,40.09,0,1,3,0,0,1155.7926
90152,66,41.33,1,1,4,1,0,1365.9394
90152,56,34.53,0,1,2,1,0,1609.8571
90200,83,28.95,1,1,3,0,0,1086.747
90400,86,27.06,1,1,2,0,0,1051.1628
91100,68,36.92,0,0,4,0,0,1339.7059
92000,65,34.78,0,0,3,1,0,1415.3846
92560,84,34.83,0,1,1,1,1,1101.9048
93156,80,36.87,0,1,2,0,0,1164.45
93156,50,40.38,1,1,5,0,0,1863.12
93156.88,48,23.76,0,1,2,0,1,1940.7683
93156.88,58,32.72,0,0,2,1,0,1606.1531
93157,78,33.01,1,0,1,1,0,1194.3205
93157,70,78.75,0,0,3,1,0,1330.8143
93177.11,40,41.11,1,1,4,1,1,2329.4277
93200,64,38.92,1,2,2,1,1,1456.25
93900,48,34.72,1,1,3,1,0,1956.25
94861.31,95,19.34,0,1,2,0,0,998.5401
94902.12,82,26.47,1,1,4,1,0,1157.3429
94960,50,41.23,1,2,3,1,0,1899.2
95161.77,71,38.3,1,1,1,1,1,1340.3066
95310,64,36.76,0,1,2,1,0,1489.2188
95500,84,24.82,0,1,5,1,0,1136.9048
95716,63,36.85,1,0,2,0,0,1519.3016
96000,48,39.78,1,1,2,0,0,2000
96000,58,56.05,0,1,1,1,1,1655.1724
96000,59,41.25,1,1,3,1,0,1627.1186
96000,78,31.02,1,1,4,0,0,1230.7692
96000,135,35.83,0,0,2,0,0,711.1111
96160,56,34.11,0,2,3,0,0,1717.1429
96160,76,36.22,0,0,2,0,1,1265.2632
96161,50,41.86,1,1,4,0,0,1923.22
96161,79,29.49,1,1,3,1,0,1217.2278
96161.93,59,41.99,1,0,1,0,1,1629.8632
96161.94,50,41.55,1,1,2,0,0,1923.2388
96161.94,78,25.13,0,1,5,0,0,1232.8454
96162,60,43.67,1,1,2,0,0,1602.7
96162,72,41.04,0,0,2,0,0,1335.5833
96163,50,41.03,1,1,1,0,0,1923.26
96173,63,34.78,1,2,3,0,0,1526.5556
96300,64,40.38,1,1,4,1,0,1504.6875
96500,50,41.05,1,0,2,0,0,1930
97373,55,31.95,1,1,3,0,0,1770.4182
97545.21,63,37.2,0,1,2,1,1,1548.3367
97664.47,50,40.59,0,1,3,1,0,1953.2894
97664.5,91,27.72,0,1,2,0,0,1073.2363
97837.79,95,4.95,0,1,1,1,0,1029.8715
97985.22,50,41.31,1,1,4,0,0,1959.7044
98000,69,37.66,1,2,2,1,1,1420.2899
98165.7,72,35.41,0,1,3,0,0,1363.4125
98566,82,31.55,0,2,2,1,1,1202.0244
98576,61,44.17,1,2,5,0,0,1616
99167,40,22.11,0,1,4,0,1,2479.175
99167,52,36.33,0,2,2,0,0,1907.0577
99167,75,33.02,1,0,3,1,1,1322.2267
99167,115,40.03,1,1,1,0,0,862.3217
99167.07,79,29.32,1,0,2,1,0,1255.2794
99765,65,26.8,0,1,2,0,0,1534.8462
100000,95,13.94,0,1,1,0,0,1052.6316
100369,78,37.11,1,2,3,1,0,1286.7821
100369,80,28.96,1,1,4,1,1,1254.6125
100669,82,37.73,1,0,2,0,1,1227.6707
100800,83,26.68,1,1,3,0,0,1214.4578
100933.79,86,28.93,0,1,2,0,0,1173.6487
102000,55,33.94,0,1,3,1,0,1854.5455
102000,55,39.8,1,1,2,0,0,1854.5455
102000,75,30.48,1,2,1,1,0,1360
102000,65,34.22,0,2,4,0,0,1569.2308
102080,50,41.67,1,1,2,1,0,2041.6
102170,63,31.67,1,2,3,0,0,1621.746
102172,50,42.09,1,1,2,1,0,2043.44
102172,105,44.33,1,0,5,0,0,973.0667
102172,65,36.92,1,1,4,0,0,1571.8769
102172,64,36.85,0,2,2,1,0,1596.4375
102172.05,58,36.5,0,0,3,0,0,1761.5871
102172.05,68,37.13,0,0,1,1,0,1502.5301
102172.06,62,40.94,1,1,2,0,0,1647.9365
102172.06,58,34.8,0,1,2,0,0,1761.5872
102172.06,55,34.83,0,1,1,1,0,1857.6738
102172.06,74,34.28,0,1,3,1,0,1380.7035
102172.06,75,35.36,0,2,4,0,0,1362.2941
102172.18,79,38.05,1,0,2,0,0,1293.3187
102178,50,42.2,1,1,3,0,0,2043.56
102230,64,35.41,0,0,2,1,0,1597.3438
103390,89,39.56,1,0,3,1,0,1161.6854
103800,52,41.94,1,1,2,0,0,1996.1538
104576,91,63.45,0,0,1,0,0,1149.1868
105177,50,41.67,1,1,4,0,0,2103.54
105177,59,41.34,1,1,2,1,0,1782.661
105177,50,41.82,1,1,3,1,1,2103.54
105177.11,48,21.68,0,1,2,0,0,2191.1898
105177.12,66,31.7,0,2,5,0,0,1593.5927
105178,50,42.36,1,0,4,0,0,2103.56
105477.62,115,20.81,1,1,2,1,1,917.1967
106000,59,29.6,0,0,3,1,0,1796.6102
106080.33,76,36.84,1,0,1,1,0,1395.7938
106170,48,39.65,1,2,2,1,0,2211.875
106380,58,33.68,0,0,2,1,0,1834.1379
106705,64,36.4,0,2,1,1,0,1667.2656
107233,60,40.88,1,0,3,0,0,1787.2167
107315,80,40.64,1,1,4,1,0,1341.4375
107400,74,7.47,0,1,2,1,1,1451.3514
108000,64,43.36,1,1,3,1,0,1687.5
108000,82,38.49,0,0,2,1,0,1317.0732
108000,60,38.35,0,1,3,1,0,1800
108000,89,39.67,1,2,2,0,0,1213.4831
108082.18,65,38.3,1,0,1,0,0,1662.8028
108182,60,41.55,0,1,4,1,0,1803.0333
108182,68,39.82,1,2,2,1,1,1590.9118
108182,74,31.61,1,2,3,0,0,1461.9189
108182,60,39.72,1,0,2,0,0,1803.0333
108182,65,40.34,0,0,5,0,0,1664.3385
108182,72,36.34,0,1,4,0,0,1502.5278
108182,84,46.96,0,1,2,0,0,1287.881
108182,71,12.93,0,2,3,1,1,1523.6901
108182.17,40,23.09,0,1,2,0,0,2704.5543
108182.18,72,41.49,1,0,2,0,1,1502.5303
108182.18,78,68.39,0,2,2,0,1,1386.951
108182.18,84,31.73,0,2,1,0,0,1287.8831
108182.18,79,30.56,1,1,3,0,0,1369.3947
108182.18,78,30.36,1,1,4,0,0,1386.951
108183,64,40.94,0,0,2,0,0,1690.3594
108200,68,34.85,0,1,3,1,1,1591.1765
108250,56,51.2,0,0,2,0,0,1933.0357
108783,79,37.99,0,1,3,0,1,1377
108900,55,9.38,0,1,2,1,0,1980
109273,86,39.45,0,1,1,1,0,1270.6163
109384,56,40.18,1,0,4,0,0,1953.2857
109400,61,40.93,1,0,2,1,1,1793.4426
109550.76,115,34.63,0,0,3,0,0,952.6153
109687,69,36.98,1,0,2,1,1,1589.6667
109763,63,21.75,1,1,5,0,0,1742.2698
110000,55,41.95,1,1,4,1,0,2000
110170,95,38.05,0,0,2,0,0,1159.6842
111000,48,42.02,1,0,3,0,0,2312.5
111187.24,48,72.17,0,1,1,0,0,2316.4008
111187.24,71,38.87,1,1,2,1,1,1566.0175
111188,74,31.45,0,1,3,0,0,1502.5405
111190,62,39.07,1,1,4,1,0,1793.3871
111788.25,52,40.82,1,1,2,0,0,2149.774
112000,65,50.59,0,1,3,0,1,1723.0769
112389,75,32.97,1,1,2,1,1,1498.52
112500,105,12.72,0,1,3,1,1,1071.4286
114192,63,32.49,0,1,2,0,0,1812.5714
114192,66,33.97,0,1,1,0,1,1730.1818
114192.3,40,67.21,0,0,4,0,1,2854.8075
114192.3,78,32.82,1,1,2,1,0,1464.0038
114192.3,79,37.43,1,0,3,0,0,1445.4722
114192.3,89,43.59,0,0,2,1,0,1283.0596
114200,80,39.45,1,0,5,0,1,1427.5
114200,62,51.17,0,0,4,1,0,1841.9355
114242.9,58,36.26,0,1,2,0,1,1969.7052
114670,185,53,0,1,3,1,1,619.8378
115000,52,43.59,1,0,1,0,0,2211.5385
115530,105,37.9,1,0,2,0,0,1100.2857
117197,52,33.45,0,0,3,1,0,2253.7885
117197,59,35.05,1,1,4,0,0,1986.3898
117197.36,60,35.57,0,0,2,1,0,1953.2893
117197.36,66,43.93,1,1,3,0,0,1775.7176
118000,125,43.87,1,2,2,0,1,944
118399.38,79,29.96,1,1,3,1,0,1498.7263
118400,86,36.61,0,0,2,1,1,1376.7442
118700,89,66.74,0,0,1,0,0,1333.7079
119400,72,35.48,0,0,4,0,0,1658.3333
119600,69,44.39,0,0,2,0,0,1733.3333
119602,56,39.43,1,1,3,1,0,2135.75
120000,72,31.87,1,1,2,1,0,1666.6667
120000,48,41.03,1,1,5,0,0,2500
120000,75,25.68,0,1,4,0,0,1600
120000,95,61.21,0,2,2,0,0,1263.1579
120000,95,62.13,0,2,3,1,0,1263.1579
120000,65,33.93,0,0,1,1,0,1846.1538
120000,83,28.91,1,1,2,0,0,1445.7831
120000,79,38.74,1,1,3,0,0,1518.9873
120000,83,38.26,1,2,4,0,1,1445.7831
120000,89,66.71,0,1,2,1,1,1348.3146
120092.41,91,25.93,0,1,3,1,0,1319.6968
120200,78,34.48,1,0,2,1,1,1541.0256
120201,71,24.42,1,1,3,1,0,1692.9718
120202,64,14.07,0,1,2,1,1,1878.1562
120202,84,28.81,1,1,1,1,0,1430.9762
120202,80,28.08,0,1,4,0,0,1502.525
120202,65,33.51,0,0,2,1,0,1849.2615
120202,72,36.72,0,0,3,1,0,1669.4722
120202,65,39.82,0,0,2,1,1,1849.2615
120202.01,64,25.43,1,1,5,1,0,1878.1564
120202.42,52,42.51,1,1,4,1,0,2311.585
120202.42,70,33.97,1,2,2,0,0,1717.1774
120202.42,95,62.13,0,2,3,0,0,1265.2886
120202.42,71,35.55,1,0,1,1,1,1692.9918
120202.42,95,5.8,0,1,2,1,1,1265.2886
120202.42,69,32.73,1,1,3,0,0,1742.0641
120202.42,78,49.41,0,1,4,0,1,1541.0567
120202.42,78,25.91,1,2,2,1,0,1541.0567
120202.42,73,41.74,0,2,3,1,0,1646.6085
120202.42,105,30.56,1,2,2,0,0,1144.785
120202.52,59,30.12,0,2,3,0,1,2037.3308
120203,95,47.5,0,2,2,0,0,1265.2947
120631.58,79,36.99,1,0,1,1,0,1526.982
120803.43,74,33.73,0,0,4,0,1,1632.4788
120843,74,36.35,0,0,2,1,1,1633.0135
122000,78,28.52,1,1,3,0,0,1564.1026
122100,58,35.35,1,1,2,1,0,2105.1724
123000,40,24.57,0,1,5,0,1,3075
123000,80,33.07,1,1,4,1,0,1537.5
123000,89,38.28,1,1,2,0,0,1382.0225
123207,78,37.72,1,1,3,0,1,1579.5769
123207.48,79,7.67,0,1,1,1,0,1559.5884
123207.48,78,30.51,1,1,2,0,1,1579.5831
123208,83,0.92,0,1,4,1,0,1484.4337
123233.8,80,27.29,0,1,2,1,0,1540.4225
124333.01,72,42.9,0,1,3,1,0,1726.8474
125000,52,43.1,1,1,2,1,1,2403.8462
126150,58,56.21,1,1,5,0,0,2175
126200,71,36.27,0,1,4,0,0,1777.4648
126212,62,38.16,1,1,2,1,0,2035.6774
126212.54,52,46.12,1,0,3,0,0,2427.1642
126212.54,76,31.88,0,0,1,1,1,1660.6913
126212.54,78,35.97,0,0,3,0,0,1618.1095
126488,86,31.48,1,2,2,0,0,1470.7907
128000,68,8.13,0,1,5,0,1,1882.3529
128488.18,72,45.86,0,1,4,0,1,1784.5581
128600,40,66.85,0,0,2,0,1,3215
129215,83,31.48,0,2,3,0,0,1556.8072
129217.6,59,34.85,1,1,5,1,1,2190.1288
129217.6,61,5.56,0,1,4,1,1,2118.3213
130000,76,44.9,1,1,2,1,1,1710.5263
130000,61,3.31,1,1,3,0,1,2131.1475
130000,135,3.4,0,1,1,1,1,962.963
130151.82,82,30.42,0,2,2,0,0,1587.2173
130720.13,52,42.49,1,1,3,0,0,2513.8487
131407.5,89,37.47,0,0,4,1,1,1476.4888
131621.65,74,32.55,1,0,2,0,0,1778.6709
132000,61,30,0,2,3,1,0,2163.9344
132000,60,38.87,1,1,2,0,0,2200
132200,84,44.76,0,0,3,1,1,1573.8095
132220,79,30.97,1,1,2,0,1,1673.6709
132222,74,5.66,0,1,2,0,1,1786.7838
132222,80,29.9,1,2,5,1,1,1652.775
132222.66,70,2.22,1,1,4,1,1,1888.8951
132222.66,78,2.66,0,1,2,1,1,1695.1623
132222.66,63,26.38,0,1,3,1,0,2098.7724
132222.66,59,30.27,0,2,5,1,0,2241.062
132222.66,70,36.45,1,0,4,1,0,1888.8951
132222.66,72,37.36,1,0,2,1,0,1836.4258
132222.66,89,37.21,0,1,3,0,0,1485.6479
132222.66,74,6.78,0,1,1,0,0,1786.7927
132228,63,42.34,1,0,2,1,1,2098.8571
132253,89,1.36,0,1,4,0,0,1485.9888
133227,72,35.18,0,0,2,1,1,1850.375
133425,74,24.44,0,1,3,1,1,1803.0405
133875,80,32.59,1,1,2,1,1,1673.4375
135000,82,29.02,1,1,3,0,0,1646.3415
135100,76,38.93,1,1,2,1,0,1777.6316
135227,82,33.45,0,0,2,1,0,1649.1098
135227.72,95,10.19,0,1,5,0,0,1423.4497
135232,76,37.21,0,2,4,0,0,1779.3684
135272.54,72,43.05,0,0,2,0,1,1878.7853
135553,80,30.9,1,1,2,0,1,1694.4125
136378,91,33.21,0,0,5,0,0,1498.6593
136450,65,38.41,0,0,4,0,0,2099.2308
136750,74,27.48,0,1,2,1,0,1847.973
137030,68,40.86,1,1,3,1,0,2015.1471
137581.47,71,32.1,1,1,5,0,0,1937.7672
138000,76,31.81,1,0,4,0,1,1815.7895
138232,60,31.05,0,0,2,0,1,2303.8667
138232,86,33.09,1,1,3,0,1,1607.3488
138232.78,105,31.37,0,2,1,0,1,1316.5027
138232.78,75,22.53,1,1,2,0,0,1843.1037
138232.78,91,23.45,1,1,4,0,1,1519.0415
138232.78,79,27.68,0,1,2,1,0,1749.782
138232.78,62,36.42,0,1,3,1,1,2229.561
138232.79,82,1.66,0,1,2,0,1,1685.7657
138233,73,28.08,1,1,3,0,0,1893.6027
138233,76,35.14,1,1,3,0,1,1818.8553
138233,125,56.44,0,1,2,0,0,1105.864
139434.81,80,39.81,0,0,3,0,0,1742.9351
140000,62,39.57,1,0,2,0,0,2258.0645
140035.82,91,45.92,0,1,2,1,0,1538.8552
140171,95,41.09,1,1,5,0,0,1475.4842
141000,115,40.07,1,1,4,0,1,1226.087
143762,105,28.38,1,1,2,0,0,1369.1619
144242,74,34.27,0,0,2,1,1,1949.2162
144242.91,83,32.72,0,0,5,1,1,1737.8664
144242.91,84,33.09,1,1,4,0,1,1717.1775
144243,91,6.49,0,1,2,1,0,1585.0879
144899.64,95,43.34,0,0,3,0,1,1525.2594
145000,105,27.63,1,1,5,1,0,1380.9524
145445,82,36.38,0,0,4,1,0,1773.7195
146350,48,43.13,1,1,2,0,1,3048.9583
146532,79,28.82,1,1,3,0,1,1854.8354
147247,84,36.01,0,0,1,1,1,1752.9405
147247.96,82,56.72,0,1,2,1,0,1795.7068
147247.97,80,39.87,1,1,4,0,1,1840.5996
147248,48,24.73,0,1,2,1,0,3067.6667
147248,82,33.52,0,0,2,1,0,1795.7073
147750.5,68,39.38,0,0,3,0,0,2172.8015
148283.89,105,40.07,1,0,5,1,0,1412.2275
149051,69,37.3,1,1,4,0,0,2160.1594
149444,82,27.91,1,1,2,0,1,1822.4878
149975,91,27.36,1,1,3,1,0,1648.0769
150000,95,40.65,1,0,1,1,0,1578.9474
150253,72,41.57,0,0,2,0,0,2086.8472
150253,69,39.35,1,0,4,1,0,2177.5797
150253,115,56.01,0,0,2,1,0,1306.5478
150253,52,24.71,0,1,3,0,0,2889.4808
150253,69,42.92,0,1,2,0,0,2177.5797
150253.02,64,26.23,1,1,3,0,1,2347.7034
150253.03,84,31,1,2,3,0,0,1788.7265
150253.03,86,43.56,0,0,2,0,0,1747.1283
150255,72,34.73,1,1,3,0,1,2086.875
150273,75,28.93,1,1,2,0,1,2003.64
151253.03,185,62.57,0,0,2,1,0,817.5839
151290.63,115,40.4,0,0,5,0,1,1315.5707
152425.08,185,27.1,0,1,4,1,0,823.9194
152600,125,39.7,0,0,2,1,1,1220.8
153258,80,2.66,0,1,2,1,0,1915.725
153258,74,15.1,1,1,5,1,1,2071.0541
153258.09,73,17.57,0,1,4,1,0,2099.4259
153258.09,80,23.38,1,1,4,0,0,1915.7261
153260,68,42.43,0,0,2,0,0,2253.8235
153588.48,105,40.44,0,2,3,1,1,1462.7474
154400,71,28.1,1,1,1,1,0,2174.6479
154760,86,42.49,1,1,2,0,1,1799.5349
155253,64,3.76,0,1,4,0,0,2425.8281
156000,78,34.5,0,0,2,1,0,2000
156000,78,52.45,0,2,2,0,1,2000
156263,48,22.35,0,1,3,1,1,3255.4792
156263.14,84,28.89,0,1,5,0,0,1860.2755
156263.15,75,25.92,0,1,4,0,0,2083.5087
156263.15,105,22.47,0,1,2,0,0,1488.2205
157140,48,23.63,0,1,3,0,1,3273.75
157460.32,84,47.89,0,1,1,0,0,1874.5276
158066.18,86,45.27,0,1,2,1,1,1837.9788
159268,78,1.62,0,1,4,1,0,2041.8974
159268,60,39.1,1,1,2,0,1,2654.4667
159269,80,2.94,0,1,3,1,0,1990.8625
162273.27,65,40.28,1,1,2,1,1,2496.5118
162273.27,71,28.1,1,1,3,1,0,2285.539
162273.27,125,40.55,1,0,3,0,0,1298.1862
162287,50,23.63,0,1,2,0,1,3245.74
162300,82,10.27,0,1,3,0,0,1979.2683
163475,65,38.45,0,1,2,1,1,2515
163476,83,23.33,1,1,2,1,0,1969.5904
163775,73,36.04,1,1,2,1,0,2243.4932
164076,83,33.45,0,0,5,1,1,1976.8193
165000,65,26.38,1,1,4,1,1,2538.4615
165278,74,8.93,0,1,2,0,0,2233.4865
165278,64,14.08,0,1,2,1,0,2582.4688
165283,86,31.88,1,0,5,1,0,1921.8953
166500,91,27.92,1,0,4,0,1,1829.6703
167081.37,83,34.84,1,0,4,1,1,2013.0286
167433.84,105,30.49,0,2,2,0,0,1594.608
167538.14,86,4.76,0,1,3,1,0,1948.1179
168283,73,32.23,0,0,1,0,0,2305.2466
168284,40,26.68,0,1,2,0,1,4207.1
168303,82,31.85,0,0,4,0,1,2052.4756
170731.3,105,29.76,0,2,2,0,0,1626.0124
171288,52,35.35,0,0,2,0,0,3294
171288.45,115,40.84,1,1,3,1,0,1489.4648
171288.81,82,33.93,0,1,5,0,1,2088.8879
171323.87,115,6.96,0,1,4,1,1,1489.7728
172000,83,23.97,0,1,2,1,1,2072.2892
174293,89,28.1,1,1,3,1,1,1958.3483
174293.51,76,36.16,0,0,2,0,1,2293.3357
174293.51,74,68.29,0,2,3,1,1,2355.3177
174293.52,95,25.81,0,1,3,0,0,1834.6686
175500,95,41.04,1,0,2,0,1,1847.3684
176097,105,3.72,0,1,3,1,0,1677.1143
176500,69,23.7,0,1,2,1,0,2557.971
177298.57,105,43.46,0,0,2,1,1,1688.5578
179402.12,105,2.2,0,1,2,0,1,1708.5916
180000,72,27.68,1,1,5,1,1,2500
180000,74,29.19,0,0,4,0,0,2432.4324
180000,83,34.88,0,0,2,0,1,2168.6747
180000,86,35.03,1,0,2,0,0,2093.0233
180000,89,46.06,0,0,5,0,1,2022.4719
180303,89,8.29,0,1,4,0,1,2025.8764
180303,105,27.7,1,1,4,1,1,1717.1714
180303,95,29.99,1,2,2,0,0,1897.9263
180303,105,15.02,0,1,3,0,0,1717.1714
180303.63,115,37.35,0,1,1,0,1,1567.8577
180304,70,25.8,1,1,2,0,1,2575.7714
180304,74,28.15,0,1,4,0,1,2436.5405
180304,89,32.6,1,0,2,0,0,2025.8876
181505.66,91,64.22,0,0,3,0,0,1994.5677
182000,115,15.11,0,1,1,1,0,1582.6087
182344.11,48,7.93,0,1,2,0,1,3798.8356
183308.59,74,29.33,0,2,4,0,1,2477.1431
185000,84,32.93,1,0,2,1,1,2202.381
186300,115,10.67,0,1,2,1,1,1620
186313.75,75,18.2,0,1,3,0,0,2484.1833
186313.75,91,24.99,1,1,5,1,1,2047.4038
186313.75,75,51.39,1,0,4,0,0,2484.1833
186350,105,27.27,1,1,2,1,1,1774.7619
189318.81,80,24,0,1,3,0,1,2366.4851
189623.74,115,25.73,0,1,2,1,0,1648.9021
192323,73,30.38,1,2,3,0,1,2634.5616
192323.87,105,22.79,0,1,3,0,0,1831.6559
192671.01,115,31.99,0,0,2,0,0,1675.4001
192712,91,4.84,0,1,3,1,0,2117.7143
193000,83,32.79,1,0,2,0,0,2325.3012
195328.93,59,1.93,0,1,2,1,0,3310.6598
195329,73,14.07,1,1,2,0,1,2675.7397
195350,82,32.02,0,0,5,0,0,2382.3171
196531,84,27.89,1,0,4,1,1,2339.6548
198334,65,35.74,1,1,2,1,1,3051.2923
198344.1,95,25.73,1,1,5,0,1,2087.8326
199536,86,33.77,1,0,4,0,0,2320.186
200000,105,31.27,0,0,4,0,1,1904.7619
200100,125,34.49,1,0,2,1,0,1600.8
201335,80,41.1,1,1,3,0,0,2516.6875
204344.12,91,27.59,0,1,1,1,1,2245.5398
204345,115,3.84,0,1,2,0,1,1776.913
204500,71,7.39,0,1,4,1,1,2880.2817
207000,64,12.83,0,1,2,0,0,3234.375
207349.18,86,35.69,1,0,3,1,1,2411.037
207350,83,25.12,0,1,1,0,0,2498.1928
210000,115,26.43,0,1,2,0,0,1826.087
210354,135,6.87,1,1,4,1,0,1558.1778
210354,95,40.92,1,1,2,0,0,2214.2526
210354.23,65,27.88,0,1,2,1,0,3236.2189
210354.24,91,43.19,1,1,3,0,1,2311.5851
210354.24,62,42.5,0,1,5,0,0,3392.8103
210354.24,185,77.44,0,1,4,1,0,1137.0499
210354.24,80,27.93,1,1,2,1,0,2629.428
210354.3,86,23.72,0,1,3,0,0,2445.9802
214121.51,48,24.08,0,1,2,0,0,4460.8648
214121.51,80,24.08,0,1,3,0,0,2676.5189
216364.34,69,32.91,1,1,5,1,0,3135.7151
216370,125,40.94,1,0,4,1,1,1730.96
217466.08,95,43.98,1,1,2,0,0,2289.1166
217571,135,12.03,0,1,5,0,0,1611.637
218000,89,9.59,0,1,4,0,1,2449.4382
221100,185,75.15,0,0,4,1,1,1195.1351
222374.48,89,24.89,0,1,2,1,0,2498.5897
222374.48,125,40.26,0,1,3,0,1,1778.9958
222375,95,44.33,1,0,1,0,0,2340.7895
225379.54,86,39.07,1,1,2,0,1,2620.6923
228384.59,48,7.76,0,1,4,1,0,4758.0123
228384.59,115,33.04,0,0,2,1,1,1985.953
228384.6,84,43.46,0,1,3,1,0,2718.8643
234394.72,105,29.87,0,2,1,1,0,2232.3307
234395,185,0.83,0,1,2,1,0,1267
234400,91,6.95,1,1,4,1,1,2575.8242
234445.33,80,6.25,0,1,2,0,0,2930.5666
240404.84,115,24.74,0,1,2,1,1,2090.4769
240404.84,89,34.39,0,0,3,1,0,2701.178
240404.84,115,38.5,1,1,5,1,0,2090.4769
241637.2,105,24.81,0,1,4,1,1,2301.3067
242000,74,36.48,0,0,2,1,1,3270.2703
243409.9,78,43.86,0,1,3,0,0,3120.6397
246415,105,48.39,0,1,1,0,0,2346.8095
248436,105,31.24,0,0,2,1,0,2366.0571
250020.09,48,24.08,0,1,4,1,1,5208.7519
260450.68,185,32.35,0,0,2,0,0,1407.8415
261599.2,115,25.75,0,1,2,0,1,2274.7757
261599.2,115,26.46,0,1,3,0,0,2274.7757
263540,125,91.71,0,1,5,0,1,2108.32
268419.75,185,27.68,0,1,4,0,0,1450.9176
270455.45,185,26.62,0,1,2,1,1,1461.9214
270455.45,185,43.48,0,0,3,0,0,1461.9214
270455.45,135,64.32,1,0,2,0,0,2003.3737
274000,135,27.97,0,0,3,0,1,2029.6296
275000,115,37.89,1,0,5,0,0,2391.3043
276400.65,115,45.4,0,0,4,0,1,2403.4839
294495.93,125,40.51,1,0,2,0,0,2355.9674
294500,115,23.53,0,1,5,0,0,2560.8696
296000,105,44.79,0,2,4,1,1,2819.0476
300506.05,135,45.89,0,0,4,0,1,2225.9707
306516,185,42.75,0,0,2,0,0,1656.8432
306516,89,6.89,0,1,2,1,0,3444
318536.42,68,23.36,0,1,3,1,0,4684.3591
318536.42,125,34.62,1,0,5,0,1,2548.2914
337185,185,40.9,1,0,4,1,1,1822.6216
338381.96,69,24.25,0,1,2,0,0,4904.0864
367000,40,1.41,0,1,5,1,0,9175
367000,48,1.41,0,1,4,0,0,7645.8333
367000,48,1.41,0,1,2,1,1,7645.8333
367000,48,1.41,0,1,3,0,1,7645.8333
369600,185,61.79,0,1,5,0,0,1997.8378
370000,185,44.79,0,0,4,0,0,2000
